content1, Demo Student, 1788
content2, Demo Student, 1976
content3, Demo Student, 1558
content4, Demo Student, 1936
content5, Demo Student, 1494
content6, Demo Student, 1611
content7, Demo Student, 1800
content8, Demo Student, 1810
content9, Demo Student, 1868
content10, Demo Student, 1374
content11, Demo Student, 1788
content12, Demo Student, 1976
content13, Demo Student, 1558
content14, Demo Student, 1936
content15, Demo Student, 1494
content16, Demo Student, 1611
content17, Demo Student, 1800
content18, Demo Student, 1810
content19, Demo Student, 1868
content20, Demo Student, 1374
content21, Demo Student, 1788
content22, Demo Student, 1976
content23, Demo Student, 1558
content24, Demo Student, 1936
content25, Demo Student, 1494
content26, Demo Student, 1611
content27, Demo Student, 1800
content28, Demo Student, 1810
content29, Demo Student, 1868
content30, Demo Student, 1374
content31, Demo Student, 1788
content32, Demo Student, 1976
content33, Demo Student, 1558
content34, Demo Student, 1936
content35, Demo Student, 1494
content36, Demo Student, 1611
content37, Demo Student, 1800
content38, Demo Student, 1810
content39, Demo Student, 1868
content40, Demo Student, 1374
content41, Demo Student, 1788
content42, Demo Student, 1976
content43, Demo Student, 1558
content44, Demo Student, 1936
content45, Demo Student, 1494
content46, Demo Student, 1611
content47, Demo Student, 1800
content48, Demo Student, 1810
content49, Demo Student, 1868
content50, Demo Student, 1374
content51, Demo Student, 1788
content52, Demo Student, 1976
content53, Demo Student, 1558
content54, Demo Student, 1936
content55, Demo Student, 1494
content56, Demo Student, 1611
content57, Demo Student, 1800
content58, Demo Student, 1810
content59, Demo Student, 1868
content60, Demo Student, 1374
content61, Demo Student, 1788
content62, Demo Student, 1976
content63, Demo Student, 1558
content64, Demo Student, 1936
content65, Demo Student, 1494
content66, Demo Student, 1611
content67, Demo Student, 1800
content68, Demo Student, 1810
content69, Demo Student, 1868
content70, Demo Student, 1374
content71, Demo Student, 1788
content72, Demo Student, 1976
content73, Demo Student, 1558
content74, Demo Student, 1936
content75, Demo Student, 1494
content76, Demo Student, 1611
content77, Demo Student, 1800
content78, Demo Student, 1810
content79, Demo Student, 1868
content80, Demo Student, 1374
content81, Demo Student, 1788
content82, Demo Student, 1976
content83, Demo Student, 1558
content84, Demo Student, 1936
content85, Demo Student, 1494
content86, Demo Student, 1611
content87, Demo Student, 1800
content88, Demo Student, 1810
content89, Demo Student, 1868
content90, Demo Student, 1374
content91, Demo Student, 1788
content92, Demo Student, 1976
content93, Demo Student, 1558
content94, Demo Student, 1936
content95, Demo Student, 1494
content96, Demo Student, 1611
content97, Demo Student, 1800
content98, Demo Student, 1810
content99, Demo Student, 1868
content100, Demo Student, 1374
content101, Demo Student, 1788
content102, Demo Student, 1976
content103, Demo Student, 1558
content104, Demo Student, 1936
content105, Demo Student, 1494
content106, Demo Student, 1611
content107, Demo Student, 1800
content108, Demo Student, 1810
content109, Demo Student, 1868
content110, Demo Student, 1374
content111, Demo Student, 1788
content112, Demo Student, 1976
content113, Demo Student, 1558
content114, Demo Student, 1936
content115, Demo Student, 1494
content116, Demo Student, 1611
content117, Demo Student, 1800
content118, Demo Student, 1810
content119, Demo Student, 1868
content120, Demo Student, 1374
content121, Demo Student, 1788
content122, Demo Student, 1976
content123, Demo Student, 1558
content124, Demo Student, 1936
content125, Demo Student, 1494
content126, Demo Student, 1611
content127, Demo Student, 1800
content128, Demo Student, 1810
content129, Demo Student, 1868
content130, Demo Student, 1374
content131, Demo Student, 1788
content132, Demo Student, 1976
content133, Demo Student, 1558
content134, Demo Student, 1936
content135, Demo Student, 1494
content136, Demo Student, 1611
content137, Demo Student, 1800
content138, Demo Student, 1810
content139, Demo Student, 1868
content140, Demo Student, 1374
content141, Demo Student, 1788
content142, Demo Student, 1976
content143, Demo Student, 1558
content144, Demo Student, 1936
content145, Demo Student, 1494
content146, Demo Student, 1611
content147, Demo Student, 1800
content148, Demo Student, 1810
content149, Demo Student, 1868
content150, Demo Student, 1374
content151, Demo Student, 1788
content152, Demo Student, 1976
content153, Demo Student, 1558
content154, Demo Student, 1936
content155, Demo Student, 1494
content156, Demo Student, 1611
content157, Demo Student, 1800
content158, Demo Student, 1810
content159, Demo Student, 1868
content160, Demo Student, 1374
content161, Demo Student, 1788
content162, Demo Student, 1976
content163, Demo Student, 1558
content164, Demo Student, 1936
content165, Demo Student, 1494
content166, Demo Student, 1611
content167, Demo Student, 1800
content168, Demo Student, 1810
content169, Demo Student, 1868
content170, Demo Student, 1374
content171, Demo Student, 1788
content172, Demo Student, 1976
content173, Demo Student, 1558
content174, Demo Student, 1936
content175, Demo Student, 1494
content176, Demo Student, 1611
content177, Demo Student, 1800
content178, Demo Student, 1810
content179, Demo Student, 1868
content180, Demo Student, 1374
content181, Demo Student, 1788
content182, Demo Student, 1976
content183, Demo Student, 1558
content184, Demo Student, 1936
content185, Demo Student, 1494
content186, Demo Student, 1611
content187, Demo Student, 1800
content188, Demo Student, 1810
content189, Demo Student, 1868
content190, Demo Student, 1374
content191, Demo Student, 1788
content192, Demo Student, 1976
content193, Demo Student, 1558
content194, Demo Student, 1936
content195, Demo Student, 1494
content196, Demo Student, 1611
content197, Demo Student, 1800
content198, Demo Student, 1810
content199, Demo Student, 1868
content200, Demo Student, 1374
content201, Demo Student, 1788
content202, Demo Student, 1976
content203, Demo Student, 1558
content204, Demo Student, 1936
content205, Demo Student, 1494
content206, Demo Student, 1611
content207, Demo Student, 1800
content208, Demo Student, 1810
content209, Demo Student, 1868
content210, Demo Student, 1374
content211, Demo Student, 1788
content212, Demo Student, 1976
content213, Demo Student, 1558
content214, Demo Student, 1936
content215, Demo Student, 1494
content216, Demo Student, 1611
content217, Demo Student, 1800
content218, Demo Student, 1810
content219, Demo Student, 1868
content220, Demo Student, 1374
content221, Demo Student, 1788
content222, Demo Student, 1976
content223, Demo Student, 1558
content224, Demo Student, 1936
content225, Demo Student, 1494
content226, Demo Student, 1611
content227, Demo Student, 1800
content228, Demo Student, 1810
content229, Demo Student, 1868
content230, Demo Student, 1374
content231, Demo Student, 1788
content232, Demo Student, 1976
content233, Demo Student, 1558
content234, Demo Student, 1936
content235, Demo Student, 1494
content236, Demo Student, 1611
content237, Demo Student, 1800
content238, Demo Student, 1810
content239, Demo Student, 1868
content240, Demo Student, 1374
content241, Demo Student, 1788
content242, Demo Student, 1976
content243, Demo Student, 1558
content244, Demo Student, 1936
content245, Demo Student, 1494
content246, Demo Student, 1611
content247, Demo Student, 1800
content248, Demo Student, 1810
content249, Demo Student, 1868
content250, Demo Student, 1374
content251, Demo Student, 1788
content252, Demo Student, 1976
content253, Demo Student, 1558
content254, Demo Student, 1936
content255, Demo Student, 1494
content256, Demo Student, 1611
content257, Demo Student, 1800
content258, Demo Student, 1810
content259, Demo Student, 1868
content260, Demo Student, 1374
content261, Demo Student, 1788
content262, Demo Student, 1976
content263, Demo Student, 1558
content264, Demo Student, 1936
content265, Demo Student, 1494
content266, Demo Student, 1611
content267, Demo Student, 1800
content268, Demo Student, 1810
content269, Demo Student, 1868
content270, Demo Student, 1374
content271, Demo Student, 1788
content272, Demo Student, 1976
content273, Demo Student, 1558
content274, Demo Student, 1936
content275, Demo Student, 1494
content276, Demo Student, 1611
content277, Demo Student, 1800
content278, Demo Student, 1810
content279, Demo Student, 1868
content280, Demo Student, 1374
content281, Demo Student, 1788
content282, Demo Student, 1976
content283, Demo Student, 1558
content284, Demo Student, 1936
content285, Demo Student, 1494
content286, Demo Student, 1611
content287, Demo Student, 1800
content288, Demo Student, 1810
content289, Demo Student, 1868
content290, Demo Student, 1374
content291, Demo Student, 1788
content292, Demo Student, 1976
content293, Demo Student, 1558
content294, Demo Student, 1936
content295, Demo Student, 1494
content296, Demo Student, 1611
content297, Demo Student, 1800
content298, Demo Student, 1810
content299, Demo Student, 1868
content300, Demo Student, 1374
content301, Demo Student, 1788
content302, Demo Student, 1976
content303, Demo Student, 1558
content304, Demo Student, 1936
content305, Demo Student, 1494
content306, Demo Student, 1611
content307, Demo Student, 1800
content308, Demo Student, 1810
content309, Demo Student, 1868
content310, Demo Student, 1374
content311, Demo Student, 1788
content312, Demo Student, 1976
content313, Demo Student, 1558
content314, Demo Student, 1936
content315, Demo Student, 1494
content316, Demo Student, 1611
content317, Demo Student, 1800
content318, Demo Student, 1810
content319, Demo Student, 1868
content320, Demo Student, 1374
content321, Demo Student, 1788
content322, Demo Student, 1976
content323, Demo Student, 1558
content324, Demo Student, 1936
content325, Demo Student, 1494
content326, Demo Student, 1611
content327, Demo Student, 1800
content328, Demo Student, 1810
content329, Demo Student, 1868
content330, Demo Student, 1374
content331, Demo Student, 1788
content332, Demo Student, 1976
content333, Demo Student, 1558
content334, Demo Student, 1936
content335, Demo Student, 1494
content336, Demo Student, 1611
content337, Demo Student, 1800
content338, Demo Student, 1810
content339, Demo Student, 1868
content340, Demo Student, 1374
content341, Demo Student, 1788
content342, Demo Student, 1976
content343, Demo Student, 1558
content344, Demo Student, 1936
content345, Demo Student, 1494
content346, Demo Student, 1611
content347, Demo Student, 1800
content348, Demo Student, 1810
content349, Demo Student, 1868
content350, Demo Student, 1374
content351, Demo Student, 1788
content352, Demo Student, 1976
content353, Demo Student, 1558
content354, Demo Student, 1936
content355, Demo Student, 1494
content356, Demo Student, 1611
content357, Demo Student, 1800
content358, Demo Student, 1810
content359, Demo Student, 1868
content360, Demo Student, 1374
content361, Demo Student, 1788
content362, Demo Student, 1976
content363, Demo Student, 1558
content364, Demo Student, 1936
content365, Demo Student, 1494
content366, Demo Student, 1611
content367, Demo Student, 1800
content368, Demo Student, 1810
content369, Demo Student, 1868
content370, Demo Student, 1374
content371, Demo Student, 1788
content372, Demo Student, 1976
content373, Demo Student, 1558
content374, Demo Student, 1936
content375, Demo Student, 1494
content376, Demo Student, 1611
content377, Demo Student, 1800
content378, Demo Student, 1810
content379, Demo Student, 1868
content380, Demo Student, 1374
content381, Demo Student, 1788
content382, Demo Student, 1976
content383, Demo Student, 1558
content384, Demo Student, 1936
content385, Demo Student, 1494
content386, Demo Student, 1611
content387, Demo Student, 1800
content388, Demo Student, 1810
content389, Demo Student, 1868
content390, Demo Student, 1374
content391, Demo Student, 1788
content392, Demo Student, 1976
content393, Demo Student, 1558
content394, Demo Student, 1936
content395, Demo Student, 1494
content396, Demo Student, 1611
content397, Demo Student, 1800
content398, Demo Student, 1810
content399, Demo Student, 1868
content400, Demo Student, 1374
content401, Demo Student, 1788
content402, Demo Student, 1976
content403, Demo Student, 1558
content404, Demo Student, 1936
content405, Demo Student, 1494
content406, Demo Student, 1611
content407, Demo Student, 1800
content408, Demo Student, 1810
content409, Demo Student, 1868
content410, Demo Student, 1374
content411, Demo Student, 1788
content412, Demo Student, 1976
content413, Demo Student, 1558
content414, Demo Student, 1936
content415, Demo Student, 1494
content416, Demo Student, 1611
content417, Demo Student, 1800
content418, Demo Student, 1810
content419, Demo Student, 1868
content420, Demo Student, 1374
content421, Demo Student, 1788
content422, Demo Student, 1976
content423, Demo Student, 1558
content424, Demo Student, 1936
content425, Demo Student, 1494
content426, Demo Student, 1611
content427, Demo Student, 1800
content428, Demo Student, 1810
content429, Demo Student, 1868
content430, Demo Student, 1374
content431, Demo Student, 1788
content432, Demo Student, 1976
content433, Demo Student, 1558
content434, Demo Student, 1936
content435, Demo Student, 1494
content436, Demo Student, 1611
content437, Demo Student, 1800
content438, Demo Student, 1810
content439, Demo Student, 1868
content440, Demo Student, 1374
content441, Demo Student, 1788
content442, Demo Student, 1976
content443, Demo Student, 1558
content444, Demo Student, 1936
content445, Demo Student, 1494
content446, Demo Student, 1611
content447, Demo Student, 1800
content448, Demo Student, 1810
content449, Demo Student, 1868
content450, Demo Student, 1374
content451, Demo Student, 1788
content452, Demo Student, 1976
content453, Demo Student, 1558
content454, Demo Student, 1936
content455, Demo Student, 1494
content456, Demo Student, 1611
content457, Demo Student, 1800
content458, Demo Student, 1810
content459, Demo Student, 1868
content460, Demo Student, 1374
content461, Demo Student, 1788
content462, Demo Student, 1976
content463, Demo Student, 1558
content464, Demo Student, 1936
content465, Demo Student, 1494
content466, Demo Student, 1611
content467, Demo Student, 1800
content468, Demo Student, 1810
content469, Demo Student, 1868
content470, Demo Student, 1374
content471, Demo Student, 1788
content472, Demo Student, 1976
content473, Demo Student, 1558
content474, Demo Student, 1936
content475, Demo Student, 1494
content476, Demo Student, 1611
content477, Demo Student, 1800
content478, Demo Student, 1810
content479, Demo Student, 1868
content480, Demo Student, 1374
content481, Demo Student, 1788
content482, Demo Student, 1976
content483, Demo Student, 1558
content484, Demo Student, 1936
content485, Demo Student, 1494
content486, Demo Student, 1611
content487, Demo Student, 1800
content488, Demo Student, 1810
content489, Demo Student, 1868
content490, Demo Student, 1374
content491, Demo Student, 1788
content492, Demo Student, 1976
content493, Demo Student, 1558
content494, Demo Student, 1936
content495, Demo Student, 1494
content496, Demo Student, 1611
content497, Demo Student, 1800
content498, Demo Student, 1810
content499, Demo Student, 1868
content500, Demo Student, 1374
content501, Demo Student, 1788
content502, Demo Student, 1976
content503, Demo Student, 1558
content504, Demo Student, 1936
content505, Demo Student, 1494
content506, Demo Student, 1611
content507, Demo Student, 1800
content508, Demo Student, 1810
content509, Demo Student, 1868
content510, Demo Student, 1374
content511, Demo Student, 1788
content512, Demo Student, 1976
content513, Demo Student, 1558
content514, Demo Student, 1936
content515, Demo Student, 1494
content516, Demo Student, 1611
content517, Demo Student, 1800
content518, Demo Student, 1810
content519, Demo Student, 1868
content520, Demo Student, 1374
content521, Demo Student, 1788
content522, Demo Student, 1976
content523, Demo Student, 1558
content524, Demo Student, 1936
content525, Demo Student, 1494
content526, Demo Student, 1611
content527, Demo Student, 1800
content528, Demo Student, 1810
content529, Demo Student, 1868
content530, Demo Student, 1374
content531, Demo Student, 1788
content532, Demo Student, 1976
content533, Demo Student, 1558
content534, Demo Student, 1936
content535, Demo Student, 1494
content536, Demo Student, 1611
content537, Demo Student, 1800
content538, Demo Student, 1810
content539, Demo Student, 1868
content540, Demo Student, 1374
content541, Demo Student, 1788
content542, Demo Student, 1976
content543, Demo Student, 1558
content544, Demo Student, 1936
content545, Demo Student, 1494
content546, Demo Student, 1611
content547, Demo Student, 1800
content548, Demo Student, 1810
content549, Demo Student, 1868
content550, Demo Student, 1374
content551, Demo Student, 1788
content552, Demo Student, 1976
content553, Demo Student, 1558
content554, Demo Student, 1936
content555, Demo Student, 1494
content556, Demo Student, 1611
content557, Demo Student, 1800
content558, Demo Student, 1810
content559, Demo Student, 1868
content560, Demo Student, 1374
content561, Demo Student, 1788
content562, Demo Student, 1976
content563, Demo Student, 1558
content564, Demo Student, 1936
content565, Demo Student, 1494
content566, Demo Student, 1611
content567, Demo Student, 1800
content568, Demo Student, 1810
content569, Demo Student, 1868
content570, Demo Student, 1374
content571, Demo Student, 1788
content572, Demo Student, 1976
content573, Demo Student, 1558
content574, Demo Student, 1936
content575, Demo Student, 1494
content576, Demo Student, 1611
content577, Demo Student, 1800
content578, Demo Student, 1810
content579, Demo Student, 1868
content580, Demo Student, 1374
content581, Demo Student, 1788
content582, Demo Student, 1976
content583, Demo Student, 1558
content584, Demo Student, 1936
content585, Demo Student, 1494
content586, Demo Student, 1611
content587, Demo Student, 1800
content588, Demo Student, 1810
content589, Demo Student, 1868
content590, Demo Student, 1374
content591, Demo Student, 1788
content592, Demo Student, 1976
content593, Demo Student, 1558
content594, Demo Student, 1936
content595, Demo Student, 1494
content596, Demo Student, 1611
content597, Demo Student, 1800
content598, Demo Student, 1810
content599, Demo Student, 1868
content600, Demo Student, 1374
content601, Demo Student, 1788
content602, Demo Student, 1976
content603, Demo Student, 1558
content604, Demo Student, 1936
content605, Demo Student, 1494
content606, Demo Student, 1611
content607, Demo Student, 1800
content608, Demo Student, 1810
content609, Demo Student, 1868
content610, Demo Student, 1374
content611, Demo Student, 1788
content612, Demo Student, 1976
content613, Demo Student, 1558
content614, Demo Student, 1936
content615, Demo Student, 1494
content616, Demo Student, 1611
content617, Demo Student, 1800
content618, Demo Student, 1810
content619, Demo Student, 1868
content620, Demo Student, 1374
content621, Demo Student, 1788
content622, Demo Student, 1976
content623, Demo Student, 1558
content624, Demo Student, 1936
content625, Demo Student, 1494
content626, Demo Student, 1611
content627, Demo Student, 1800
content628, Demo Student, 1810
content629, Demo Student, 1868
content630, Demo Student, 1374
content631, Demo Student, 1788
content632, Demo Student, 1976
content633, Demo Student, 1558
content634, Demo Student, 1936
content635, Demo Student, 1494
content636, Demo Student, 1611
content637, Demo Student, 1800
content638, Demo Student, 1810
content639, Demo Student, 1868
content640, Demo Student, 1374
content641, Demo Student, 1788
content642, Demo Student, 1976
content643, Demo Student, 1558
content644, Demo Student, 1936
content645, Demo Student, 1494
content646, Demo Student, 1611
content647, Demo Student, 1800
content648, Demo Student, 1810
content649, Demo Student, 1868
content650, Demo Student, 1374
content651, Demo Student, 1788
content652, Demo Student, 1976
content653, Demo Student, 1558
content654, Demo Student, 1936
content655, Demo Student, 1494
content656, Demo Student, 1611
content657, Demo Student, 1800
content658, Demo Student, 1810
content659, Demo Student, 1868
content660, Demo Student, 1374
content661, Demo Student, 1788
content662, Demo Student, 1976
content663, Demo Student, 1558
content664, Demo Student, 1936
content665, Demo Student, 1494
content666, Demo Student, 1611
content667, Demo Student, 1800
content668, Demo Student, 1810
content669, Demo Student, 1868
content670, Demo Student, 1374
content671, Demo Student, 1788
content672, Demo Student, 1976
content673, Demo Student, 1558
content674, Demo Student, 1936
content675, Demo Student, 1494
content676, Demo Student, 1611
content677, Demo Student, 1800
content678, Demo Student, 1810
content679, Demo Student, 1868
content680, Demo Student, 1374
content681, Demo Student, 1788
content682, Demo Student, 1976
content683, Demo Student, 1558
content684, Demo Student, 1936
content685, Demo Student, 1494
content686, Demo Student, 1611
content687, Demo Student, 1800
content688, Demo Student, 1810
content689, Demo Student, 1868
content690, Demo Student, 1374
content691, Demo Student, 1788
content692, Demo Student, 1976
content693, Demo Student, 1558
content694, Demo Student, 1936
content695, Demo Student, 1494
content696, Demo Student, 1611
content697, Demo Student, 1800
content698, Demo Student, 1810
content699, Demo Student, 1868
content700, Demo Student, 1374
content701, Demo Student, 1788
content702, Demo Student, 1976
content703, Demo Student, 1558
content704, Demo Student, 1936
content705, Demo Student, 1494
content706, Demo Student, 1611
content707, Demo Student, 1800
content708, Demo Student, 1810
content709, Demo Student, 1868
content710, Demo Student, 1374
content711, Demo Student, 1788
content712, Demo Student, 1976
content713, Demo Student, 1558
content714, Demo Student, 1936
content715, Demo Student, 1494
content716, Demo Student, 1611
content717, Demo Student, 1800
content718, Demo Student, 1810
content719, Demo Student, 1868
content720, Demo Student, 1374
content721, Demo Student, 1788
content722, Demo Student, 1976
content723, Demo Student, 1558
content724, Demo Student, 1936
content725, Demo Student, 1494
content726, Demo Student, 1611
content727, Demo Student, 1800
content728, Demo Student, 1810
content729, Demo Student, 1868
content730, Demo Student, 1374
content731, Demo Student, 1788
content732, Demo Student, 1976
content733, Demo Student, 1558
content734, Demo Student, 1936
content735, Demo Student, 1494
content736, Demo Student, 1611
content737, Demo Student, 1800
content738, Demo Student, 1810
content739, Demo Student, 1868
content740, Demo Student, 1374
content741, Demo Student, 1788
content742, Demo Student, 1976
content743, Demo Student, 1558
content744, Demo Student, 1936
content745, Demo Student, 1494
content746, Demo Student, 1611
content747, Demo Student, 1800
content748, Demo Student, 1810
content749, Demo Student, 1868
content750, Demo Student, 1374
content751, Demo Student, 1788
content752, Demo Student, 1976
content753, Demo Student, 1558
content754, Demo Student, 1936
content755, Demo Student, 1494
content756, Demo Student, 1611
content757, Demo Student, 1800
content758, Demo Student, 1810
content759, Demo Student, 1868
content760, Demo Student, 1374
content761, Demo Student, 1788
content762, Demo Student, 1976
content763, Demo Student, 1558
content764, Demo Student, 1936
content765, Demo Student, 1494
content766, Demo Student, 1611
content767, Demo Student, 1800
content768, Demo Student, 1810
content769, Demo Student, 1868
content770, Demo Student, 1374
content771, Demo Student, 1788
content772, Demo Student, 1976
content773, Demo Student, 1558
content774, Demo Student, 1936
content775, Demo Student, 1494
content776, Demo Student, 1611
content777, Demo Student, 1800
content778, Demo Student, 1810
content779, Demo Student, 1868
content780, Demo Student, 1374
content781, Demo Student, 1788
content782, Demo Student, 1976
content783, Demo Student, 1558
content784, Demo Student, 1936
content785, Demo Student, 1494
content786, Demo Student, 1611
content787, Demo Student, 1800
content788, Demo Student, 1810
content789, Demo Student, 1868
content790, Demo Student, 1374
content791, Demo Student, 1788
content792, Demo Student, 1976
content793, Demo Student, 1558
content794, Demo Student, 1936
content795, Demo Student, 1494
content796, Demo Student, 1611
content797, Demo Student, 1800
content798, Demo Student, 1810
content799, Demo Student, 1868
content800, Demo Student, 1374
content801, Demo Student, 1788
content802, Demo Student, 1976
content803, Demo Student, 1558
content804, Demo Student, 1936
content805, Demo Student, 1494
content806, Demo Student, 1611
content807, Demo Student, 1800
content808, Demo Student, 1810
content809, Demo Student, 1868
content810, Demo Student, 1374
content811, Demo Student, 1788
content812, Demo Student, 1976
content813, Demo Student, 1558
content814, Demo Student, 1936
content815, Demo Student, 1494
content816, Demo Student, 1611
content817, Demo Student, 1800
content818, Demo Student, 1810
content819, Demo Student, 1868
content820, Demo Student, 1374
content821, Demo Student, 1788
content822, Demo Student, 1976
content823, Demo Student, 1558
content824, Demo Student, 1936
content825, Demo Student, 1494
content826, Demo Student, 1611
content827, Demo Student, 1800
content828, Demo Student, 1810
content829, Demo Student, 1868
content830, Demo Student, 1374
content831, Demo Student, 1788
content832, Demo Student, 1976
content833, Demo Student, 1558
content834, Demo Student, 1936
content835, Demo Student, 1494
content836, Demo Student, 1611
content837, Demo Student, 1800
content838, Demo Student, 1810
content839, Demo Student, 1868
content840, Demo Student, 1374
content841, Demo Student, 1788
content842, Demo Student, 1976
content843, Demo Student, 1558
content844, Demo Student, 1936
content845, Demo Student, 1494
content846, Demo Student, 1611
content847, Demo Student, 1800
content848, Demo Student, 1810
content849, Demo Student, 1868
content850, Demo Student, 1374
content851, Demo Student, 1788
content852, Demo Student, 1976
content853, Demo Student, 1558
content854, Demo Student, 1936
content855, Demo Student, 1494
content856, Demo Student, 1611
content857, Demo Student, 1800
content858, Demo Student, 1810
content859, Demo Student, 1868
content860, Demo Student, 1374
content861, Demo Student, 1788
content862, Demo Student, 1976
content863, Demo Student, 1558
content864, Demo Student, 1936
content865, Demo Student, 1494
content866, Demo Student, 1611
content867, Demo Student, 1800
content868, Demo Student, 1810
content869, Demo Student, 1868
content870, Demo Student, 1374
content871, Demo Student, 1788
content872, Demo Student, 1976
content873, Demo Student, 1558
content874, Demo Student, 1936
content875, Demo Student, 1494
content876, Demo Student, 1611
content877, Demo Student, 1800
content878, Demo Student, 1810
content879, Demo Student, 1868
content880, Demo Student, 1374
content881, Demo Student, 1788
content882, Demo Student, 1976
content883, Demo Student, 1558
content884, Demo Student, 1936
content885, Demo Student, 1494
content886, Demo Student, 1611
content887, Demo Student, 1800
content888, Demo Student, 1810
content889, Demo Student, 1868
content890, Demo Student, 1374
content891, Demo Student, 1788
content892, Demo Student, 1976
content893, Demo Student, 1558
content894, Demo Student, 1936
content895, Demo Student, 1494
content896, Demo Student, 1611
content897, Demo Student, 1800
content898, Demo Student, 1810
content899, Demo Student, 1868
content900, Demo Student, 1374
content901, Demo Student, 1788
content902, Demo Student, 1976
content903, Demo Student, 1558
content904, Demo Student, 1936
content905, Demo Student, 1494
content906, Demo Student, 1611
content907, Demo Student, 1800
content908, Demo Student, 1810
content909, Demo Student, 1868
content910, Demo Student, 1374
content911, Demo Student, 1788
content912, Demo Student, 1976
content913, Demo Student, 1558
content914, Demo Student, 1936
content915, Demo Student, 1494
content916, Demo Student, 1611
content917, Demo Student, 1800
content918, Demo Student, 1810
content919, Demo Student, 1868
content920, Demo Student, 1374
content921, Demo Student, 1788
content922, Demo Student, 1976
content923, Demo Student, 1558
content924, Demo Student, 1936
content925, Demo Student, 1494
content926, Demo Student, 1611
content927, Demo Student, 1800
content928, Demo Student, 1810
content929, Demo Student, 1868
content930, Demo Student, 1374
content931, Demo Student, 1788
content932, Demo Student, 1976
content933, Demo Student, 1558
content934, Demo Student, 1936
content935, Demo Student, 1494
content936, Demo Student, 1611
content937, Demo Student, 1800
content938, Demo Student, 1810
content939, Demo Student, 1868
content940, Demo Student, 1374
content941, Demo Student, 1788
content942, Demo Student, 1976
content943, Demo Student, 1558
content944, Demo Student, 1936
content945, Demo Student, 1494
content946, Demo Student, 1611
content947, Demo Student, 1800
content948, Demo Student, 1810
content949, Demo Student, 1868
content950, Demo Student, 1374
content951, Demo Student, 1788
content952, Demo Student, 1976
content953, Demo Student, 1558
content954, Demo Student, 1936
content955, Demo Student, 1494
content956, Demo Student, 1611
content957, Demo Student, 1800
content958, Demo Student, 1810
content959, Demo Student, 1868
content960, Demo Student, 1374
content961, Demo Student, 1788
content962, Demo Student, 1976
content963, Demo Student, 1558
content964, Demo Student, 1936
content965, Demo Student, 1494
content966, Demo Student, 1611
content967, Demo Student, 1800
content968, Demo Student, 1810
content969, Demo Student, 1868
content970, Demo Student, 1374
content971, Demo Student, 1788
content972, Demo Student, 1976
content973, Demo Student, 1558
content974, Demo Student, 1936
content975, Demo Student, 1494
content976, Demo Student, 1611
content977, Demo Student, 1800
content978, Demo Student, 1810
content979, Demo Student, 1868
content980, Demo Student, 1374
content981, Demo Student, 1788
content982, Demo Student, 1976
content983, Demo Student, 1558
content984, Demo Student, 1936
content985, Demo Student, 1494
content986, Demo Student, 1611
content987, Demo Student, 1800
content988, Demo Student, 1810
content989, Demo Student, 1868
content990, Demo Student, 1374
content991, Demo Student, 1788
content992, Demo Student, 1976
content993, Demo Student, 1558
content994, Demo Student, 1936
content995, Demo Student, 1494
content996, Demo Student, 1611
content997, Demo Student, 1800
content998, Demo Student, 1810
content999, Demo Student, 1868
content1000, Demo Student, 1374